Feature_1,Feature_2,Feature_3,Target
-0.1891203907770335,-1.3303136257389898,0.9216501119244593,-96.18275276547483
-0.6533292325737119,-0.4749453111609562,1.7654542402810969,-60.28727313271406
-0.22485598180807856,0.07685188295876821,-0.6500025808234597,-28.193681956602614
0.5705986685931593,-0.6626237589458467,-0.7632591565425169,-12.697169643452565
0.3278795241593574,-0.12545426000290022,0.08589300629333041,11.71414867241314
-0.033126972873797095,-0.7309300399419191,1.7945578635177877,-32.391193437586345
-0.5767713305683327,-0.9075636620415979,0.755391225825756,-120.0706316706744
-0.46440426230938764,-0.9811655311396816,0.4620608932518965,-120.06480476956827
1.0035328978920242,-0.07201012158033385,0.36163602504763415,114.53725187841037
0.06447441481012024,0.4865016438262019,-1.9754665663538713,-2.9942675659415454
-0.7449026448064491,-0.16306696394376388,-0.6751782749743815,-105.4385324473013
0.8128621188389601,0.30729952087660933,0.6296288419236122,114.53840321520602
1.0470983026121545,0.22445181855997204,1.6839276914578687,144.83843939219895
0.2801611588196068,-0.02640575695892703,-0.8096035199216461,9.681710783477804
-0.6568942789713957,1.2004139079444254,-1.0469109826819396,-17.276805128964547
0.024510174258942714,-0.7730097838554665,0.49799829124544975,-53.01983111760125
2.1451491277733883,-0.8353470532597573,-1.1875984190295128,123.78291940342949
-0.8463159774657358,1.2637066776546686,0.543479378670093,13.756792435149414
2.98525900260341,0.17521141890851205,0.3674816654743044,303.48889608367654
-0.18289644110484016,-0.7280029412291344,1.3748764191481848,-53.57950264617463
0.1848361236948739,0.4933179008808892,-0.8583577801812136,38.24379180143553
-0.32138584165299344,-0.8254971967925115,0.41293145427562433,-110.95603703464693
2.0740826697499735,0.23924686411114954,-0.9193845915864234,200.47192960945915
-0.8571575564162826,0.6256673477650062,-1.0708924980611123,-49.31579576415188
1.5327389130025777,0.5193465142411723,-0.1087601484568576,179.12528710464397
0.822544912103189,-1.0577109289559004,-1.2208436499710222,-27.111434414145425
0.21329370737293857,-1.8936146669537857,0.0012054753622242368,-121.9971999029128
-0.23052462518025083,-0.7179188907476018,1.1797252083607102,-39.1726957276603
-0.2646568332379561,1.4535340771573169,2.720169166589619,145.7413078183451
0.975816719344709,-0.2950899142379063,0.9184544439424138,107.48513161760422
-1.4153707420504142,-0.23458713337514692,-0.42064532276535904,-149.76900408523542
1.5774532797634744,0.24938368371075526,-0.0952955323869521,185.15619011610062
0.742095372009307,-0.6057149230033384,0.2992925804064919,25.687841680110743
1.2179591523055584,0.22054142701386686,-0.513196364513396,139.58032083160873
1.9870611116994412,-0.8798143535020543,-0.5309708978119645,115.83432674850211
-0.30372602877666466,-0.6581164890752567,-1.345870923473215,-132.15097415262667
1.4033699701251907,-0.8610879101735704,0.6979032725390276,86.87079669036801
-1.5255251709247388,-1.0700847663261526,-0.6919080698812444,-244.79122831734776
-1.2257656630023412,1.5739867632900328,-1.4643748802098202,-38.92159318782747
1.8820244964750337,0.4714683571359957,1.3454200461549777,264.0756874757061
-1.879924385139045,-1.5859833122379583,1.8709651753717822,-254.33728391875925
0.21539650545628794,0.7682072166317373,0.5082686396745896,85.60482145460354
-0.8848027140269009,-0.4432822511915103,-0.172946059923423,-133.7355950812667
0.6453759495851475,0.9715709509543554,1.3686315575323487,187.90713263105403
0.24333944932269183,-0.045586016355497805,-0.24123605785632987,21.38786836753653
0.6969544045107356,-0.29548031802916036,-0.33381948975600995,17.895374147269774
-0.78489831308224,0.014688194729197093,0.648280433843859,-41.461813957619555
-0.7188323876087304,1.2958717818630143,0.7450053128772811,56.4403020974827
0.8141517621182666,1.8325570434792018,0.48206672733538614,244.4491153333631
0.42719436187168486,0.9694572005267368,-0.646227309843803,96.54269502579876
1.2361307218062179,0.9653974845911707,0.08865759096143744,206.71302429840986
0.28872366282502326,0.7324921027798023,-1.6548874362282961,31.27444378975043
-1.1958830620351844,0.3946715298229811,0.4446026682201407,-72.74400642638079
-2.0417348684242906,0.20838280794755248,-0.24717738252059693,-183.60203349278444
-0.7128457826771644,-0.543424771133765,0.10643022769189683,-93.56505321587926
0.6337768809320985,0.3098207102270275,0.41379909745149823,101.61910929847167
-0.39210815313215763,-0.3276621465977682,-1.4635149481321186,-105.26473954501603
-0.8323555731042287,-0.5707462937494763,0.4714155563864041,-119.36032112464642
-1.5558956462036273,0.2337859117907477,0.33088023221445706,-126.31358814287617
3.0788808084552377,0.3112501545435361,1.1195749114345768,350.6292057734827
0.8968393158655319,1.6122206282554243,-0.2685306479058323,219.73117856145709
1.5795721457307124,1.453384477117701,-0.5228600271532683,267.8660068634321
-0.6095122021592831,-0.30522470435466764,-0.186971302985446,-95.38799474209465
0.26105527217988933,0.29612027706457605,0.00511345664246089,53.41459207712207
1.5337277099164992,-0.6292633936927887,-0.5358014630522978,74.85562084849988
0.49097495163825133,1.6073455760199926,0.7348777860498175,204.93713855631427
1.1873860515647512,0.985729995679863,2.589563642018614,282.5230460755362
-0.2176812032272203,-0.20219265243389406,1.09877685198719,-14.176158883798415
-1.3353443587101013,0.17770100093325383,0.3801978510059632,-87.90277418974053
0.29219272832637316,-0.6677795564688862,-0.1873290184063747,-27.206042710528248
-0.57581824064468,-0.5305011476105275,-0.275051697151644,-107.32152584024178
0.5219415656168976,-1.3204566130842763,0.29698467323318606,-55.36567279158114
-0.9093874547947389,0.7910319470430469,1.4027943109360992,28.981730890256344
-0.03703679704841202,-0.6117690909052854,-0.42930222451725997,-79.77000554837514
-0.06418817710849775,-0.19469729611668168,0.09175248444837286,-36.766018417133125
-0.36361221221385587,0.1503017614618776,-0.056945623721067457,-28.153668881862824
1.3175975356079597,0.1684609762696143,-1.0065425652796411,114.62872390250422
1.173473857485325,0.6628812686674127,0.18102155870370695,169.512465434907
-0.01926037973439464,0.7846042878980238,-0.2628908292082677,48.22116722810539
0.12267031599479553,-0.9533286082587124,1.6246784584695606,-29.013247432071875
-0.6004235657387051,1.4196030045136372,-1.8665399513606162,-5.386752746672137
-0.6176518954343502,0.1973157074055956,-0.31607285602704976,-49.024382339994936
0.8108082731597821,-0.1343087414705478,0.793488720552213,99.40040036764205
-0.9746816702273214,0.6565536086338297,0.787084603742452,-17.397342788687958
-0.17018462252492844,-0.0033744574109520514,-0.4532280493272752,-18.382206912885106
-2.7475048427252347,0.45768658605355206,-0.4997301761516306,-248.2552679711453
-0.01941960588773261,-0.3493167961181975,-0.30317978283427544,-34.46600883308933
-0.5642475986573886,2.5581992856682523,0.18455130319703697,170.0877306939858
0.46217266608194285,-1.5981243518837476,2.0243096232868525,-42.775700262834235
-0.32034730819432017,-0.48388583405432156,0.4241659464019164,-47.24660667890005
-0.19102776260016902,-2.5623336587953105,2.412615421612916,-155.9635956659393
-0.6097829043193822,1.196631486645651,-0.1340171666729177,23.3815596856385
0.08199555641356042,-0.7341737987784958,0.4572804046152411,-33.543451517091285
-0.4561208274741882,-1.2961166642498945,0.18142662011397137,-172.1538803805036
-1.4400508825942944,-1.0962750868952018,1.5945050632249722,-198.32422284542622
-0.5227230205190395,-0.18490213644298903,1.0490092258368893,-60.460956245762965
0.5488838353173644,0.547264797377967,-0.25495579355369785,100.790894191191
0.24930859564172886,1.0237095461069814,1.0450884740847535,139.4545751519006
1.0240625258114624,1.2083662305931424,0.5925269492011831,209.38214738833565
0.9531250453760867,0.8623934723827588,0.513085420097293,177.76549031396024
-0.573700003938579,0.5228354880354996,-0.02435459226098284,-22.274569934982402
-0.49190244750620515,1.2000789564268612,-1.876552706041874,-4.216942816196537
0.514438834058749,0.12029563171189886,0.7116148780888898,82.37000941918305
0.5532512199847837,0.17183933979353122,-1.1755946056248516,44.139481018352576
0.26859227886325693,0.0570131248970845,1.5284684264125317,72.0408495472081
0.05993263026632825,-1.2392583948534726,0.2773769379581917,-95.58525633897123
0.41953244390702776,-0.12094814860778157,-0.8874921778021001,-18.093236735749272
-0.3917581490438219,-0.36682441181468756,-0.9224101844985025,-107.26011257481777
-0.062004009366031745,1.2468917155347194,0.9514492770580866,135.8830766297981
-1.245738778711988,0.21409374413020396,0.173180925851182,-104.27150300306694
-0.3223204692113399,1.6153756894694418,1.2171585208254965,113.68689549804068
-0.39963618561460235,1.7269638512334051,0.22468472575188592,109.0248768308874
0.19584525509768155,-0.7783047254023127,-0.978372777615032,-91.92991838269437
0.7462535660272207,-1.3598561409799192,0.6454841811410754,-29.353652236983102
-0.3839712719523516,-0.9980606273144129,0.2502002062516945,-110.0207796993663
-0.6775646523356551,-1.7258067287905967,1.1941094030473725,-157.88990281999506
0.5752050161065663,0.8903831635197862,0.5006657213812097,144.82924204530812
-0.5245202662797737,-1.1290517712172292,0.48937456122791806,-144.48517405627337
-1.3224579567435701,-1.3510743662080213,0.4818660617184915,-225.38794709021934
1.0760071385985983,-0.796025856803489,0.02131164867194222,51.206285978350714
-1.251113576385303,0.326133022242118,0.924027019206901,-75.2210052262263
-1.0676204293825944,0.6228499323474987,-0.1423794850212935,-62.74806224077341
-1.008554684076208,-0.5388418561927383,-1.962625691672579,-202.60599999907606
1.42274813609994,-0.13427916218630415,0.9262154022415924,175.9416647436646
-1.8707919210258557,-1.008086310917404,-0.35151348404130867,-282.6274344589843
0.16476084123651674,-1.46752526575244,0.05088770185601806,-100.4106790497151
-1.0128311203344238,-0.5622875292409727,0.3142473325952739,-140.51174162847883
1.52100622715938,0.46667098196608103,-0.9489165208248372,163.9386517889716
1.0318445394686349,0.19655477651157463,-1.485560373036972,96.35422348135374
0.01914777741575206,0.42588720619303577,-0.6414869090443096,3.5411782888740078
-1.570500603623177,0.918316606002313,-0.9896281365703375,-103.13209228832123
-1.1894118928673278,1.1254347844147694,1.6426729532559634,8.53122008646609
-1.7025836042378404,0.40825275571447184,1.0291556373256436,-112.76949954172238
0.5885784044206096,-0.5805234498047227,1.6699045043514062,45.82993169431651
-0.5698329282387588,-0.4242363333980435,0.32950873557300914,-100.99163976296232
0.3891591956679287,0.3721054726068629,-0.053120653017545344,56.26327747683381
-0.9958153947902291,-0.4081008391602206,0.651136241823657,-109.11340470415414
-0.8392096673390064,-0.3649527295428853,-1.0448091940210336,-129.4181487501097
0.8925973382993092,-1.9701038177118355,-1.2111719292807812,-100.16979374164347
-0.0007085945766459172,-0.31305803052315434,-1.2504077339697175,-49.204571402705554
0.03793783544760203,-0.7632861041785816,0.6833289928110694,-46.052843261112415
2.056207129940322,-1.9663565893760018,-1.1032083657216831,14.371024685713753
-0.24125765461854246,0.40981865692851255,0.6725737012027313,35.814926139410645
0.2531652380379812,-0.6315777291653314,0.820344012612456,-0.6283106460011361
-0.4263575962055433,-0.7517910500951843,1.1484457091967548,-71.0300391900812
1.4524675344707454,-0.4532484090230134,0.32674476460232005,104.45205954021412
1.1055259329579838,1.050654396007612,1.1870303055603801,214.40313461843274
-1.0121043752601675,-0.42688106994742003,-1.6548566718657693,-184.7120051777955
-1.3260476860820383,-0.35976864578908574,-0.413465161123276,-174.4658480601095
-0.23681860674000887,-0.7728252145375718,-0.48536354782910346,-95.63500823241456
0.22391413406466143,0.5524899544171478,1.3641404299738442,110.71997743935918
-1.0675329142542729,2.062524919243145,0.02421945667275807,48.28314303841624
0.883109777147159,-1.563190808696657,-0.07783719701280203,-60.471583757142355
-0.5511857163285334,0.7783610761666377,-0.8181988834223072,-5.524030411598218
0.20726732939894396,-1.0039573720814985,0.06934433703625043,-59.16043356590818
-1.308820399119112,1.360658595838651,-3.0195121558208253,-87.28135375177446
-0.6124373746404379,0.2871241652018242,0.36150352520610163,-15.836053409879169
0.9854496856152184,1.5781180575621845,0.8691545924968965,245.03117966548226
0.6592456684324051,-0.8170886310681906,0.9375701376265584,30.043108471799478
-0.12038116395359824,1.1070806692869728,-2.172669546014036,28.17714905970859
-2.0038623644067535,-0.26451484131061076,0.6354180302092264,-198.23108213679595
-2.3629324355418384,0.9039348410861953,-1.0097307047099375,-187.4581124150709
1.8861859012105302,0.4040508568145384,0.17457781283183896,217.99521944865543
-0.987179527151184,-0.21113023882769444,-0.13125696709230472,-120.55654237154681
0.007063158628176452,0.04977368718096008,-0.6603211394734471,-25.634671013330305
-0.11622904312195817,0.2522403964266774,0.21471318317052634,16.728706967935643
-1.1376856704248166,0.6515219913395057,-0.20149153394751798,-59.05928192561563
0.11351734525124804,-0.3853135968617602,0.6621306745210467,-29.83170089180665
1.8005111815108537,0.18384954475369486,1.2389463529394373,235.82889745183246
-0.46580556911816284,1.5730197252148563,-0.15083771156669531,98.45741324490407
-1.1033666061738736,0.5079913269125437,-2.152890592952483,-107.54355263790865
0.41486550036191044,0.8539759765522237,0.4632885301181062,133.69048736471083
-1.3230897934074983,-0.6389617476895022,1.642015160136369,-150.98829311940938
-0.47383934707091613,0.4240610444640897,-0.014452270878279104,3.963999471137603
-0.2030453860429927,0.57707212718054,0.37114587337130883,44.52696993431073
-0.6122367345077503,-0.33130838318332273,-1.085150526557798,-119.32541497221702
-0.5535882417079946,1.6777008140764407,0.5689830791852754,90.61852462356876
-0.5069431753711298,0.24496657110872277,-0.4710383056183228,-45.314596084743236
0.2811914239693758,0.7589285897867651,0.10420110395187607,102.45812168818168
0.02975613949574519,0.028318376130461172,0.9382838059759977,28.45321429886821
0.6255080168310357,-2.100026507651624,0.885231482988991,-89.61813916130546
0.42961821913258585,-1.6609609335159914,0.20768768716311115,-86.81632315585792
0.06752820468792384,-0.22577630048653566,-1.4247481862134568,-51.17906722981964
1.4313667818311835,0.33385996656853467,1.0817667276728287,203.1925368045076
-1.6694052811213718,0.751387123371789,0.543360192379935,-97.16366300433862
1.5007597906343109,-0.4281151609659125,0.8502217421134929,124.84793782477655
0.5514762752395233,0.271495310825648,0.3405892164004968,76.40502389511079
0.6124687940136023,0.756788679986982,-1.0166831285764972,90.04264261382016
-1.3698029795790778,-0.5574917850078336,-0.08828204835125482,-171.71424744790804
-0.429405541125253,0.12522450264790727,0.12229750303228377,-36.51394812672315
0.8595878869798019,-0.5495571359085801,-0.3871306497895146,33.5338272377847
0.35845361820962024,-0.5353350870162231,-0.7309562757154733,-21.667990948023917
1.8124485579969287,-0.6269670577877674,0.7077519354554754,134.6360866155064
0.6696725488300385,-1.3044695005048532,0.36659824609684827,-37.32405358185047
-0.2515388860444957,0.7833905092825955,-0.5975101946916416,35.26735043978836
-0.3492577043184288,-0.3486521344078592,-0.3216350512173826,-72.12976436281282
-0.6897277740641738,-0.01383774609423725,-0.493122822399772,-68.62947738424188
-0.12853751143893075,-0.2081168572725397,-1.881849045497639,-70.95623946929074
-0.36927713924620315,0.26125053123385605,0.14338846734225108,-2.04777287928221
-0.6706202090766449,1.0005823180429783,1.3924653000643288,57.716963093725376
0.23878915902651351,1.0302834540318422,-0.2590421458207031,99.29954660373997
1.1172958315881276,-0.0821511783925688,0.34272534637770413,107.47159493822718
-0.2561797524953801,-0.28487549336967083,-0.24149744587077882,-64.0985296512795
-1.2032008553891445,-0.6497652268482671,-1.042044412243103,-181.95261989771697
0.8187776437548606,-1.1482632887526183,1.5379319184125528,27.14132676279566
1.5805406865683735,1.1401490385212665,-1.0150941918278686,222.69042468618449
-0.3011036955892888,-0.11564828238824053,-1.4785219903674274,-99.12016544338113
1.4769344261182744,-1.5166425494207911,-1.167779551267935,-7.26539422796796
0.5697672802322039,0.4567532191537839,0.44770856001731496,87.68123410788635
-0.1590452104000513,2.218780233448134,0.29562448874709507,167.98006179709625
-0.6163614080394775,-1.2601647651725802,-0.375196380323937,-173.38853141214608
0.6487098875896427,1.3821589910375272,-0.16711808031685435,183.31792028876998
-1.3659557112005343,0.6835693232004776,1.2119439853864005,-47.07288115955064
0.6585442726728304,0.334456789987025,2.0102045387663496,135.93760840644507
0.4919191715065057,-0.898414671348358,-1.3202332070206422,-61.2800546873623
0.6220699903060487,-1.3122191934314063,1.3289333195354096,-14.272894087176192
0.17958178193959795,0.513907849658915,0.3506300992735592,59.931434439542834
-1.5486182988637467,-0.1767741631157821,-0.4911537471421047,-186.08807881365038
-0.9175028210142636,-1.1225448062444139,1.0176614668435024,-162.11643281693375
0.15175799224874037,-0.31984752325484395,-0.835142901630023,-48.48128878437909
-2.9213504834946074,-1.072139011985607,0.4365598041576678,-373.78922457508224
0.22530792204094158,-0.17435425790283585,-0.3695269288333586,-10.390711993213335
-0.600638689918805,0.37569801834567196,-0.2916937497932768,-29.359448627780807
-1.0858251288851855,-1.0872459388628026,0.6793732829565033,-183.9133548720997
0.6329318177555108,-0.5522230442809712,0.2029230208512997,28.3937724349151
-0.9186865114860944,0.5555126463422483,-0.4173668136050844,-60.145685225111556
0.647195939702741,0.39922312260527926,-0.483186462299374,89.78252010621489
-1.6009039784765156,1.4898634386020821,-0.828497024780246,-69.52516006087247
0.11092258970986608,-0.5443827245251827,-1.1509935774223028,-77.71310458001138
-0.05489400061628639,0.22323891412915967,0.28555407485765694,27.466116524323308
0.41343490322370086,1.355637858804951,1.876795812558066,218.05709565689352
0.8294055811834892,-0.21910052880886424,-2.211135309007885,-5.194482958246023
0.8723206367206782,-0.7673475628880495,0.18334200573835174,26.671407517131684
-0.08059974929676088,-1.7762463334664518,-0.8330560570007587,-176.45358197273222
0.13653533108273744,2.013387247526623,-0.3653215513121087,171.6488933452595
1.281016361735113,-0.4473218956587512,0.0678555105274033,77.1651941104478
1.3404504460231446,0.31917451041918043,-1.8751724696457446,122.65085479578784
2.270692857804396,0.6327818661062848,0.18186625505849516,285.9210734400037
-0.6237689606958051,-1.0534155631736561,1.9140313538667861,-100.29119518312801
0.7109599682034915,-0.3748208075495975,0.44426331148603976,57.87511756089179
-0.5662977296027719,-0.9905363251306883,0.09965136508764122,-135.55873476860754
0.5087250232299338,0.2671266510114834,-1.5811907020321334,35.64514433460305
1.205994516546816,-1.6304732437151401,0.7774073527645112,-9.65072759252103
-0.4516594761596227,-0.0739475656083926,0.19502498402812674,-52.833733768806646
1.044160877069072,-0.48943944251822213,0.6818914896263114,77.50572986562175
-0.20902325728602528,-1.2242982362893657,-0.8505204542093001,-153.00533357743944
0.7716987106483447,-0.37061433208610595,-2.8485426206300755,-40.15869011229848
1.0599363840466218,-0.3920126399191296,0.6170059495766975,85.16442900908514
1.6764373122752827,0.0184183791895517,0.32692737376416264,188.90050377820543
0.241321934916781,-0.29660745906979835,-1.151014083619507,-36.12756466736563
0.14294309476370676,-1.1939250063990554,1.732514999485092,-43.71735970750646
-0.3933388123273607,0.3686733088729012,0.028744822934817487,-13.375791982552563
-0.8972543714858315,-0.012246772846914623,0.07580455819372633,-94.43548548862077
0.4591800792284367,0.8339221545489041,-0.07016571145864703,112.73077716459477
0.7318707042882956,-0.3294477863470914,0.3350580290841175,56.68561528116516
-0.966976143129213,0.42545756178496474,-0.047711356141979855,-60.66076266189239
2.0752608726252655,0.19759960469239965,-0.6891878180895679,204.786224466787
-0.7832532923362371,1.5499344050175394,-0.3220615162056756,32.42805977684677
-0.020901593964148132,0.6103702654334648,0.117327383308782,39.176140483740454
1.5039929885826886,-0.2549772174208553,-2.650969808393012,67.39352897810593
1.2557561255735208,-0.4787486216634773,-0.8946073022195039,49.70776137732615
-0.18565897666381712,-0.47917423784528995,-1.1063349740060282,-86.90379996219775
-1.244654703311417,-0.773789199103573,-1.7787202489042786,-250.3222874097759
-0.6226995198205938,0.28099186773503265,-0.20812225035727522,-45.90164306111367
1.4765403497258958,-1.5763921569842494,1.3800913541474515,50.44339010259623
-0.5017570435845365,-0.8084936028931876,0.9154021177020741,-99.69756664139383
-2.1533429198712444,-0.5260348426675804,1.0971527117536957,-243.0192476581514
0.4746982328799528,1.085895565831578,-0.025026958745143917,138.20493134564305
-0.07443342910004629,-0.24751863555150475,0.620672097550678,-1.1028617178160154
2.4929995174327906,0.3885786045309641,-0.006070911539893324,278.17655250467243
0.1704162223754877,-0.38817681854122876,0.1605739810498646,-10.332540421364321
0.9592708260852069,1.4511436077950417,2.1531824575115563,263.1345355116416
-1.0710536796490489,1.235782191822154,0.6802161054504494,28.052168822501592
-0.4465149520670211,-1.5148472246858646,0.8563987943234723,-152.50004920262606
1.1267051368275833,1.0325462043416573,-1.0909664302151982,174.62970097145921
-1.6074832345612275,1.307142754282428,0.1846338585323042,-41.41720142911047
1.9647251329163893,-1.1978778925888485,0.03526355197172861,89.9843008252728
1.246085192497629,1.0915068519224618,-2.0733902324081495,150.4284112159695
-1.3459796802467485,0.8712972974572442,0.12637957954641182,-57.12615208459857
-0.10594835430413566,-0.46531045678005334,2.6443433470170348,5.066435291439827
-0.027514905050636255,-2.8722622132816493,1.772251596669744,-181.07071490549527
-0.42098448082026296,0.39445214237829684,0.2897748568964129,-5.3416000652902556
0.4738329209117875,1.8657745111447566,-1.1913034972026486,172.46144342569212
0.33417641724489744,-1.2417605754816243,-0.15525904882474875,-81.09090386073817
-0.3091164642025014,0.1920491164900316,0.1335409047822823,-12.96162572968959
-1.2946814757209058,-1.1196698946261439,1.1608267873785194,-194.6596696734511
0.5581395145185063,0.04351466864346608,-2.529560077694303,-8.470078693006279
0.9843223984765838,-0.998354040738791,-0.21398884422550896,2.9492435011726617
-2.0674421000398766,-0.03269474809409311,-0.08912003951278841,-211.02802865915058
0.6897078052451944,-1.2922626951056186,-0.5029747705513431,-36.567489090452305
-0.07160125941406395,-0.19634984908497827,-0.03722223650984159,-29.028513437153784
-0.6905410523162594,-0.7837656655863965,-0.9161919154812425,-147.97644855419506
0.5522999376795232,-1.232523314768509,0.6256309336460009,-47.04209719710785
-0.23415337472333597,1.5230298564080254,-0.23413695694918055,100.09272489673639
-0.04865235157045115,0.34378788154988543,0.03279699541158651,15.30148400189092
-0.5893647569442115,-0.4930009346588328,0.8496020970210246,-77.12634656232906
-1.081548003614395,-0.6465728842425266,1.6871416350725648,-112.9832161393307
-0.21701705042437042,-1.2585049106753345,-0.3084827884558197,-135.7662251684064
-0.37144086599579146,-0.34268759408034877,-1.4075116947178212,-93.85080014147958
0.7746340534293368,0.44381942814622843,-0.926930471578083,86.13677273935426
-0.5353281859539227,0.8474216771504216,-0.09053328230416077,-10.730538351583236
-0.649373038321426,-0.181224173218103,1.321304032273012,-38.199250913381384
-0.9983854391882915,0.46877425607502377,0.30179189981946597,-35.98926111838428
0.01259240078179486,0.22409248181041677,0.09767609854883172,18.385642907252297
-0.21804589539237385,1.80930634973311,-0.8476339286190848,102.21590782023645
0.6339190223180112,2.1439440893253257,-2.025142586657607,205.19502704945538
0.6659242520544614,0.49774308909139425,0.4215866106144557,111.57080937541895
0.34758170536167105,0.01843393306539316,-0.5397596803093615,36.11316759117426
0.2237879516388985,-0.5176112990361714,-0.016422896072752075,-34.68340676156443
-1.8206033005485172,-0.5703513664136806,0.2700573583914221,-203.672453115399
-0.5172884501003722,1.0654803750653512,1.40934744018558,60.49707319689052
0.5562300094006599,1.328194141849058,0.45588777208160763,168.0149097780189
-1.0021874557814727,0.04091917539572113,0.7408243454201259,-89.83888887535412
0.24650477843200488,-1.111457956937032,0.49822174849678513,-65.19414665755004
-1.0041407667520679,-0.9186519464841982,-0.7677975651041284,-191.0438536843637
0.4547409121411344,-0.03361256470371301,-0.5164296438875717,31.535491596499934
-0.8058700664961888,-1.6834381922209503,0.9648516330974576,-188.21854631563295
0.2658782296520485,-0.4700421477595015,-0.4367197360405955,-23.701171265940985
0.8294748419317485,-0.9399031011088647,-0.19382613877280352,-4.665007927576664
-0.3152692446403456,0.651391251305798,0.7589692204932674,26.267873566051964
0.25373966149457344,-1.5029703283951532,0.4676931717654332,-97.5223830770546
-1.2477831819648495,-0.2525681513931603,1.6324113039316352,-93.6953261334563
-1.830632896856457,-0.6540756831274238,0.5112025995249807,-226.62593614931882
0.9504238381860503,1.8761708392158862,-0.5769036556624031,231.29449240381942
0.5863640187550933,-0.5286166817497568,1.2382830714336357,30.171418887377925
-0.6881503451777238,1.0098170893426341,2.2524358053443088,69.8957280748254
-2.151815401329305,-0.8911922254152874,-0.7191533192424201,-306.9245075460073
-1.4358621511794394,1.4412732890661155,1.1631637521549596,13.526886757198525
0.5296927543567308,0.056649924897107164,-0.07049877805909122,67.59807840259441
-1.4848979684499035,0.9495541354413237,-2.553921134901955,-148.06420825876944
0.3673655068161781,-0.22647889190152676,0.9135846262332494,44.710495766357866
-0.9273531341905741,1.1618783026081905,0.23836898273478513,18.37240037279443
0.019616657693989903,0.4384757388097273,0.6728612359668199,55.54039795648239
0.18383451632250436,0.3011073391917421,2.6930336639804966,121.1437821852144
-0.25885440036983165,1.223083067095325,0.35250496835687956,94.9946511485391
0.570612997219531,0.34005129456889044,0.9681846605328611,94.34525205096021
-0.9096834169818336,-0.031058932870901952,-0.936506374789596,-119.62417796386333
-0.742484232538384,1.341475915530881,-0.4853058353678683,29.915822180523353
0.8836599374866724,-0.17262729994081963,0.6523228784134196,85.97732225581889
1.3149144535840473,1.6122782579886454,1.639964529371393,309.14509641321933
0.4395012306202264,-1.100154232971695,0.7789365035121141,-31.790814419942564
0.9686449905328892,0.09707754934804039,-0.7020530938773524,89.09822455555738
-0.45709625658627184,1.66125921454787,-0.6022120603617805,69.8772422071526
0.08182935854756501,0.8384907744516419,-0.09888965319114267,68.23553050853305
-1.8019804375800197,-1.1701130260593595,0.541462728204788,-247.9492618493382
-1.4480843414973241,0.2320499373576363,-1.4074637743765552,-163.36263471126554
0.5010941699398452,0.9751976297824297,0.1895816165987434,128.33027345308122
0.02538842054241018,-0.04541121793223822,-1.9196731561976563,-56.562789759427716
-0.02730453950993186,-0.15852957302697002,-0.933267959073196,-38.576558349937095
-0.06717829004935526,-0.8318222082304447,-0.7157599891107518,-80.29299797386606
0.46926758980852623,0.3161559571827783,-1.5355721232071058,31.149050929458713
0.5987943895619102,-0.006521315229458062,0.6683404887180808,73.58165836999697
-0.6734906242438685,1.2477420726737338,0.27899416222380197,44.88550063644548
-1.86653661707306,-0.7168223206028049,-0.08268068584269925,-253.3974396954133
-0.977555244798551,0.5009171876243808,0.09933230542922587,-36.87969119858669
0.7479102561175338,-1.9792998103757877,-1.0727430257398065,-115.25317012024252
1.5334337012963255,-2.211861911329507,-1.423957152450145,-62.14426108002289
0.6929186230316111,-1.3386057997232488,-0.6058608207588934,-51.60323434931979
0.5345056484805503,-0.18319661872038787,0.8876554258738361,44.367007835955704
0.19729226563120644,0.4631847952675847,0.3113086734428849,89.55377437738704
1.3883377782084478,-0.5262478565174211,-0.38502181171286365,86.61322297859581
1.484116028535965,0.47240627788037737,0.35561334878566,210.39719551806243
0.09612077694098337,-0.5160447282173739,-0.4622752887050425,-42.27457544471355
1.7952113559123222,-0.3206676255571917,0.23007075919140207,159.17513150282835
0.7083564472993533,-1.0212328171307132,0.24380071377119883,2.747218117190399
-0.015309849172995557,0.18335991977915564,0.5792914996010884,34.09134573077962
-0.6353623888256293,0.6197114459661363,-1.1896666590903613,-45.2864434053635
0.681359510442948,-1.1022921498364233,0.4086073077017676,-4.088250985625418
0.5159392177040995,0.06699071722487192,-1.5625458568865427,13.154251340512019
-0.49163618563204736,0.20965941527462578,0.8071225966373103,-4.697807326579729
0.0064222698109378164,0.5462842480036996,-0.4363858905265686,34.248532770659835
-0.5289777080640152,-0.6085897232397004,-1.0565576427602528,-125.49641953292343
1.695051040430753,0.043602446372453724,-0.622649361734452,146.870213945266
-1.1062935124116342,1.1356201471829441,-0.8245141615276735,-49.98876919759145
-0.13014305436768459,0.3241663524884421,0.09699596499271819,29.082696441184
-2.296180953137238,-1.4438548161335418,-0.5505368494915835,-353.6243581987177
0.812525822394198,-1.1962066240806708,1.356240028570823,8.683020844816575
0.7796605322693398,-0.30803428418574125,1.3103087461196083,84.53664705139296
1.0786808334312956,-0.45888426286894,-0.03850846950070721,75.614103301587
0.132969674146876,-1.0265152994110602,-0.7001208149391732,-93.1375605621021
-0.883857436201133,0.3853173797288368,0.1537251059455279,-54.890192135223394
-0.03143917037477642,-0.9266983088473107,-0.8484286341908146,-91.50076064625368
0.6795977489346758,-0.7153037092599682,-0.7303666317171367,3.957265162970673
-0.7257438131534656,0.517659020469123,0.18676676447707832,-7.927235715978895
0.5866938014752747,-0.25890497370407733,-0.47490365662252443,15.09376166462319
-0.535235211560568,1.0495527153193351,1.3173940656343257,75.85929233188916
-0.6078752606758179,-0.8372624310497003,-0.5391227031489786,-147.83415100780786
-1.7101683926566256,0.3078017688920592,-1.348185422105713,-177.25525583578843
-0.20585943088034037,-0.19646658342809717,-0.7465783465402389,-39.50736185830306
0.889630795623437,0.26705026586925884,0.08228398927542419,123.15264354527272
0.10855970577652314,-1.1437262073206618,-0.0332299906444608,-95.1534125803008
0.213979910734222,-0.6997255079925856,-0.11232804969082982,-32.38621666710311
1.7553408424432044,2.060747924881987,-0.2489641484790735,324.7113568265307
1.3993554365860021,0.5725827813561586,0.9246336829127688,208.33102097448187
0.19109906801990334,1.2784518626072987,0.04643654815614881,134.82015039367224
-0.1681438185847896,-0.620847598251116,-0.47209057769712737,-86.01095039456357
-0.5621680265783021,1.395683810789956,-0.20922187374452778,57.713657888488655
-0.6056155397368641,1.0399046873960764,1.8260097135469362,70.88930012291
0.82206015999449,0.4127809269364983,1.8967929826539474,177.70374610935974
-0.7982972445384537,-0.1769472274940494,-1.3793192280145272,-114.63977500664994
0.34233783448962146,-0.33513778117145177,1.5541604207147741,43.26259059420202
-1.0917008761393143,0.6687416555925126,-0.387099702474401,-52.37657351134561
0.638391925608383,-0.9006207346478687,-0.3286184757489846,-18.753323658419145
-1.3118362323501596,0.010352619843380607,-1.0651136630753726,-144.423551878083
0.12810441491078928,-1.4307751021180481,-0.6810516574748808,-124.62983704281461
0.058022734808395225,-0.04282338131157488,0.8484308822052846,18.19040327895552
-0.5302576183724408,0.5040465155178444,-0.7928728322623442,-36.962171152548905
0.54711911517521,0.02246589281204638,-1.1808128153088449,14.764096055775008
0.36139560550841393,-0.6451197546051243,1.5380365664659692,22.018786277772357
-0.7424705856980482,0.1946074552372427,-1.3200225112207058,-89.37066351382833
0.07203686128374476,0.6021183203924835,-0.21220896990115168,55.941485062557916
-1.1254890472983765,0.2799686263198203,2.4457519796168263,-12.822144423481793
0.23321613126350166,0.7082144232565571,0.9531366339132451,105.67478339878778
-0.46603650186824225,-0.14760258629866868,-1.5947030672667954,-116.35377190059955
1.2619215007139917,-1.7730324682068814,-0.9057323008626189,-34.663682566455165
-1.5537587660160643,-1.0718572330401555,0.8178896580250287,-213.25938228410155
-1.594427658794367,1.2378163119734618,-0.5993750229537729,-60.99576711679227
0.29307247329868125,0.23225369716100355,-0.7143514180263678,40.729935979826756
-1.3719011429313563,1.7117084801423434,-1.6135613978767411,-34.340943532738905
-0.877982586756561,-0.20367375017696587,-0.82688035403986,-121.6732869977954
0.09798315347089544,1.0857863249393471,0.3080505395041023,106.30392179837611
-1.5341141707356223,-1.1246420918378692,1.277676821898509,-210.53555613742077
2.006092888159123,1.5421099525678756,2.061503576636398,363.16438933318165
-1.1057046684859357,-0.4108142879545848,-0.21492103028873533,-137.42525494283132
0.30263546523903323,-1.146345393018688,-0.7542758500193579,-91.46897737376928
-0.30917212346863937,-0.4344962274323156,0.22213377163371284,-53.688479921278166
-0.4500128579958137,-1.1300693390403578,1.2571492168625729,-95.3377619886026
-0.08836295920533532,-0.10960980392583083,-0.3700110298821277,-41.882643338037354
-1.6275424378831627,-1.804882100664519,0.048084946661381994,-317.982141192582
-0.6002168771587947,0.19905969557347003,0.06980208499001891,-17.422931036416355
-1.0016200098949155,-0.6819842479977986,-0.2811002928859549,-174.35629581116012
-1.142970297830623,0.058208718445999896,0.3577873603482833,-110.36093116573718
1.472670675750982,0.8760467925297942,-0.6039806259692295,225.73861741210314
0.40865281148067084,-1.77623523289832,-1.0293715081820716,-139.18623894655093
1.7275431701007113,2.1422703586118637,0.4363236696740321,370.3033731160016
0.3904648499288896,-0.13737178839939665,-0.10322175293249623,42.54264000915978
0.7674347291529088,1.5792128155073915,-0.4694743859349521,188.28084179996833
-0.23086637384476896,0.7215625051261435,1.4532606633210343,78.22799883938637
0.8451579711843216,-0.2788833941507565,-0.04889718347410554,63.76328479203385
-0.409282438113104,-0.6947131310890582,-0.5240883979345925,-114.25078911416495
-0.4523063192490767,-1.889540730945531,-2.4238793266289567,-268.55469180998296
-0.8184286659420014,1.5634133588321082,1.532367724678116,97.96480369826602
-0.7991920066502536,-0.6459641791245353,-0.4827435221820324,-170.29968607876398
-0.025574312191994436,-0.5089636257074988,-1.7690759048891183,-72.05888538352995
-1.9937356425714554,0.8335289616089246,0.37405656984757213,-123.06749926984963
-0.22859991534001858,-0.5132135664715852,-0.9943493746085122,-82.39069691254151
1.513449743242131,-0.12174750838328353,0.6308116845547775,142.14851048019273
-1.2803043986708944,-0.5640786307367284,0.8724573282801447,-141.25747289122816
-0.026521259249060063,1.0701502383164274,-0.8818746512277178,55.957371272381494
-0.16882172319001063,-0.1044492185374715,0.07005216311318138,-21.893943713606035
0.5820265670847269,-0.6967718184295749,0.26044226333355597,14.400655489121078
-1.0025293646378088,-0.01901620790268883,-0.01851313599238993,-109.04787561702311
-0.2523535021262876,0.3230792731160291,-0.2918112689155441,5.480648368129967
0.26912694124510733,-0.3916485674217911,-0.3431922754974105,-21.793883696429333
-1.251539424190444,0.3520553965142968,1.4437646040732595,-42.38830816575704
0.7604146561442974,-1.5839028234857233,0.7858001586508322,-43.01669862836462
0.4283070972076486,-1.0623935281468797,-0.18714426500454878,-43.56672744750363
-1.0003313246055747,1.9389289990582848,-0.6777449705248515,39.158488675741324
0.6901439917111125,0.40171172209894146,-0.40122047188583626,93.79508659473277
-0.32267983884213575,1.5013336519554867,-0.25083301645504735,86.56020528869739
2.3146585666735087,0.08187413938632256,-1.867265192591748,183.31885368557678
-1.366878698415421,0.9343199112392737,-0.22476540189268354,-58.728413497262
-0.810252437014381,-0.7345915767980492,0.20056919723094285,-133.05695868187084
-0.4937565831613125,0.99626681944714,-1.556581898659751,-5.235547712295569
0.8691560643892732,-1.2376624223272978,0.8872908372667421,-0.22718586548213615
-1.091933900395313,0.8545252270666157,0.8902475008365087,-15.677760917080587
-0.2860042218801108,-2.5302875227463297,1.100959634998571,-193.2922250991704
1.904136589573007,-0.29983819627488056,1.6259589153620633,213.5995189724991
-1.0325239035275395,0.9413105807674833,0.39792704994680894,-18.44441473272251
-0.29967664800678706,-1.4485914146335441,-0.05020461704174478,-150.83165253798848
1.3538723741654128,-1.7131345290908775,-0.11453984525261789,-16.839742648581975
0.6819529712949639,0.02100384163275905,-0.31026675659345604,57.37381737746446
1.0715431522348857,1.6999573745763805,0.19063559126502433,244.82363405635505
0.39580353343740904,-0.6255627015095294,0.4940301862827388,8.203085977697352
0.2544208433012131,1.1677820616598074,0.3376026620752022,134.5667446208085
0.9321915642603847,1.7473631979155582,-0.23655528721894603,229.8490361130207
-0.13826430117118466,0.4967141530112327,0.6476885381006925,43.227599113897966
0.6962063648134184,-0.23093453020867796,1.8489560949453452,106.5972677100597
1.0213832954293984,-0.5647740041709423,2.088442772869925,98.20043724328552
1.5615111967268527,1.301741289398798,0.032004149065766624,255.612609335436
-0.5312142946075985,0.1941076309533577,0.48387665118803974,-24.663817885174353
-0.42924442029866183,-0.2666523292344148,0.5885532697707198,-53.615867092189006
-1.0372461543264564,0.5389100436846587,-0.1903386780836082,-55.69674802755932
1.3757068133116195,-0.29756350335999193,-0.15005558703252672,89.08340348519467
-1.243863235391285,1.7495767431869393,-0.6929051977959073,-8.58386585483732
-0.30777823495300083,2.16325472330546,0.21915032766393897,136.20697646851616
-1.4382779783173667,0.11327041053776446,0.9192289345752035,-82.62163592301178
-0.24903603955637832,1.6449677135012837,0.5765569630557664,105.83558755449911
0.24395319790850026,0.1733416643704082,-0.22320225463480511,18.708014886350703
0.8004095252276823,0.43192254467394064,0.7542913298135743,133.96666573990126
-1.4084612963635597,-0.7043436905427592,-1.5566291735239037,-238.71041709663183
-0.039307287627631186,-0.2440804736742013,-0.1344967844017327,-56.34141329853605
1.9925153531681183,1.7193779062072967,-0.7666565877833479,315.50037443859105
-0.8036745679697308,2.5797093376543185,1.6391168054440675,179.062525135125
-0.6067002947652967,-2.246889333984605,0.21128369227947272,-251.98312405972254
0.43693816974634986,0.0030460201534144695,1.1906462747863413,79.91074537343658
0.26402008133367,0.1998104337187135,1.2723535001067678,78.92891060127015
0.9873345165891019,0.4663583744463345,-0.07595102364252276,127.70356993806635
1.5111549302473475,-0.12754912037753421,-1.4511756900515589,100.84549067767533
-1.5151910621985523,-2.301921164735585,1.3668742674445247,-308.57788090804877
0.19808476076785494,-0.024125087110003277,-0.14436041192394247,22.932282230495957
-0.6013676439512137,-1.3340254949182044,0.31978193414253697,-167.98387254324845
2.439752406339273,1.0225704320096403,1.3842728185105182,360.4414456146362
1.4926885689595217,-0.8031789506803448,-0.2711236010425688,76.83619771293135
-0.8022772692216189,-0.3427145165267695,-0.16128571166600914,-111.42521548762936
0.047398671316414016,-0.6518361078021592,-0.8604133652839524,-74.17405422237857
-1.2932729578711637,0.7197579421481819,-0.9564363768180087,-92.26523413524353
0.0036956718478473255,1.9625871905307948,1.0114630354083562,188.90962603058304
0.7223813578277714,-0.43745830032341043,-0.372833152091767,22.31882208130592
1.4872461553359273,0.6820520657126199,-0.580053241370043,188.69476467833388
3.1377485336599937,-2.1356742139786955,1.0560568090660518,157.41171138329133
-0.09833962679474989,-1.6929568141953855,-0.9885911071509175,-192.41285897942288
-1.7684393655628516,0.14088624691120394,0.32316771418478146,-169.28420661269539
0.06023020994102644,-0.026513875449216878,2.463242112485286,64.59224496071629
-0.22648409884983192,0.5820977034686158,-0.9594392367234797,-3.014326198553656
0.7083038472010638,1.188913371474643,0.3514482075415829,186.03225079107784
-0.7563507452843033,0.2034636358672231,-1.4222537095976742,-118.36809877403675
0.006799844559997769,2.0236062192296393,-0.19003903500149447,175.40766629108714
-0.1973384203073261,0.08958068125524882,-0.1512732836535117,-11.771231430262535
-1.2002964070557762,0.8657551941701215,-0.3345012358409484,-60.88657556483274
-1.9875689146008928,0.0917607765355023,-0.21967188783751193,-188.83770887297757
-0.5956612940434921,-0.6537663386488198,1.3744380931708173,-82.29327931151124
-0.5915713888358299,1.277664895788425,0.5470973811700379,74.09576399423506
-0.15178509503558332,-1.9520877995225019,0.5883172064845765,-177.12344232195196
0.9640871682883573,-0.24415663529064868,1.1894704889246406,130.1672738365199
-1.2308643164339552,0.8135172173696698,0.22745993460412942,-46.75306840737735
-1.2295495944524168,1.9583474542205939,0.4966992232365217,45.37360024265471
0.12354769595558233,-0.5923559556520536,1.9541574337502863,26.333399793587258
1.5490201514951873,0.1018562952619867,-1.2391070756539009,127.91075126351657
1.3291525301324314,0.6427227598675439,0.19652116970147013,198.90897394967033
0.06428001909546277,1.088950596967366,-1.0777447779293061,81.78782700192949
-0.38851845308888583,-0.018708756445897416,1.1241127199860135,-21.899196632656945
-0.684629825760004,1.0075136898369221,0.7906255991627686,31.59513657833043
-1.2096410186912054,1.2276689924732922,1.6725723868377034,51.305082388818946
-0.4397310582741749,-0.18687164416135904,1.4469778843537329,-8.85055965138854
-1.2767485758203094,0.27157883719537346,-1.0810565404082624,-119.59109665583419
-0.949398888831943,1.0536417966078395,2.632382064837391,61.24641791107914
1.5475052013300616,-1.515744114997232,1.7958776730955217,102.40097068545974
-0.6469367777055739,0.05963036992017413,0.6982233136135899,-48.99467260548777
-0.5112156764311852,1.593186626639397,-0.9896048202585809,69.15777493424166
-0.9077561801469204,0.9022771737866472,1.5192839236417688,17.51242926606349
-0.2573765374233451,-1.0227925651984056,-1.6685840738775894,-130.743043041262
-1.1790397911598025,0.324359281721603,1.1876793884615637,-60.84819759566097
0.5972282182533848,-0.8950698422766047,-0.9483480042242007,-24.07281503242665
-0.7519693317388191,0.21319662823768915,-0.31905393566661816,-65.86442008901287
1.6286155455712918,0.07409478041977519,-1.3801014582148914,131.11380433894513
0.7384665799954104,0.19686123586912352,0.1713682811899705,97.5347931541264
2.411676675578421,-1.1302037246739238,1.5163940552535728,178.82754754061804
0.5467335682013793,0.840620026504553,-0.23893209916969432,134.49064350005872
1.1890165311075518,-0.6373871273065177,1.4205042479898549,101.89724653021817
-0.4593608995402441,0.24822058630033608,-0.8498443694647918,-35.772060761029316
0.43295982536069616,2.4267164863455224,-1.3776175007542373,197.68387360299945
-1.389572466763596,2.2909425725907417,-1.6453987469568918,14.933104685397682
1.804348109786743,0.487872284871074,-0.19090379172729868,209.60157789416522
1.091310120594269,1.2360931752104374,0.609138120907177,223.52534491372555
-0.07964139124571515,1.4122205554154292,0.4523717962497339,123.87518068508214
0.32579631658216646,0.5796331732135757,0.19438430157733602,91.1182216148419
-0.11473644146689901,-0.7925207384327007,0.5049872789804571,-46.795110151516965
-1.616310608436588,0.7999419019420501,-1.053682419146354,-105.25362844456782
-1.3471262895296965,0.1846803058649084,-0.9716140385106515,-167.59332367120257
-0.9039076414647897,-0.11122606134870032,-0.7355299425897666,-103.31985833008036
0.6931056072631441,0.42881650033057295,0.1764415552772252,111.84669048123084
-0.1601327955666404,0.11502607914741717,0.6713400764504657,22.925912561011756
-2.0870270186020687,0.45838670355148425,-0.5846177306571996,-184.3668670595512
-0.2739930818293042,1.5628887685081978,-0.24338397937501807,76.08647767836973
-1.763040155362734,0.3436182895684614,0.324083969394795,-125.32228642362267
0.47363207681145447,-1.1308884353259157,-0.9263811299815384,-80.90461644107432
-0.09917586377938291,0.650201177958661,1.8466369960476658,91.43055975062674
-0.36961033604363397,0.6215718898560508,0.37710039390218647,21.409042712237465
1.3171150673398653,1.1398785611290454,-0.11806852699107874,244.22271029228048
0.8576596232020194,1.475356216949552,-0.1599385299634271,196.23691348736324
-1.141689114133505,1.4775300810552618,-0.19365945927971812,30.100130971709106
1.5295503194606137,-1.6924646297148194,-0.15800789857898942,14.40413849379594
1.0305805856240573,0.5107920885275947,-0.6578345538521371,129.9155275627641
-0.08973569428722672,0.7090037575885123,1.4401172154494728,90.11622106217258
1.088748619704186,-0.372206776071053,1.884586305934609,120.58836531046471
-0.9221653241776254,0.7569886166453519,0.8696059201056602,-19.283782475156215
1.262584103427182,-1.5256563145700948,-0.5518581458924467,-24.217382196023372
-0.05761879703358539,2.403415585238275,0.2010990467149675,212.16683544600923
0.21743287317972287,-0.19068240076334658,0.8700677306887542,26.233872875877218
0.47897982574639186,-0.4776574467651167,0.3336621052869483,18.904863236979615
-1.2575778589146163,-0.8108575112103382,-0.23401985910698136,-194.00794890070088
0.08658978747289992,-0.6039851867158206,-0.15567723539207948,-56.43549923173215
-1.2141886127877322,-1.006017381499702,1.1581108735000678,-167.28252096765277
1.090980425185967,0.38680852068920263,2.012270445700765,206.36098488225275
1.1260502507721681,-0.029262813684978354,-0.05139372358848624,102.48386474012507
-1.5223591862178911,-1.3526702858435344,1.1126883749899252,-234.70941293873298
-1.035242322419374,-0.10703035995455783,-0.553649305347182,-144.81731422432887
1.8009404329108156,-0.6763923020592697,-0.04015795064434341,117.75239033198764
0.33848384346169114,-0.35316629281068834,-0.29540141013902943,4.986963238106994
1.2715550949941588,0.9356783931474612,0.7216720640432351,226.59976373685984
-0.2817846088605072,-0.42018681709585726,-1.344450511034277,-104.63114886545014
2.319329539981694,0.14171691363990474,0.39331783939437187,258.3807311159163
-0.32483138350862245,0.9817654869915943,-2.499405714873573,-24.87445288257493
1.1243533598705027,-0.062191016999311004,-0.3340772309799405,74.48808089938503
0.6380511014407572,2.2313001461926323,0.5008444749444569,244.26700459942165
-0.9913923494563072,-0.8469613483183278,-2.153390113603715,-226.3873807844589
-0.7728776678236091,0.9475264621228578,0.4070522871245351,24.4277935669124
0.7045065398247231,1.4558223221467665,0.7890566873755189,200.9050845160759
1.4104591452035038,0.08382662792936094,0.4097627959594974,166.26553193566824
-0.22979963057519381,-2.219300372747535,-0.8514064342603136,-237.49376044565184
0.6141667000434252,-0.22096959953322298,0.7575077100473051,54.2356768501615
-0.5495402745955349,0.9153902755601617,-0.11676591579524663,25.39045797421544
0.7533416211045325,-1.7607627591558177,0.38115838488277776,-58.856739789457976
0.15041890514357642,0.49568188797260465,0.3649610024662254,74.45472021866524
-0.5449190868089497,-0.09671311187039239,0.39913611435207086,-51.376124383576794
-0.5081401976473109,-1.2207124259141586,-0.14778031881747153,-144.38779166298616
-0.8082982853551515,2.1898029332176723,-0.8397218421807761,78.81609068188504
-0.9815086510479509,0.010233061019587049,0.46210347426327075,-88.43332111921862
2.0574954697116987,0.6191542610051978,0.020793707675407894,267.28209409936204
0.5142547560178349,-1.5311075025557221,0.5720574417141441,-50.59541975420995
3.109918556005361,1.9956674897839644,0.6067230591361827,487.51228442423786
0.5597904479310398,0.6105857452838231,1.0807807255546218,135.56318154335924
-1.237815498826849,1.586016816145352,2.1330333746562666,70.22419260116983
0.14125714008746323,0.38298898474092846,-2.1305664798072006,8.306846547758436
0.6855077387902041,0.7579218499236196,1.8486088332964115,176.64211221687773
-0.6078219870944325,-2.1218548990085946,1.2969945465611092,-203.81042798894208
-0.08152267310164589,-0.5041798310076715,0.34767648353833636,-41.33426825448885
-1.6431888111541673,-0.10325476014904739,-0.17585440443207118,-201.86174896054786
0.44194064956940904,0.16865467196672768,-1.090399077442846,24.22313647251191
0.9113627221747217,1.987275999230808,0.10575379127148042,280.1074973643621
0.3088330125989638,0.02127157673606165,1.702214944635238,77.51495281136076
-0.05554769889661878,-1.7033824393551547,0.3840654489393073,-122.8507676940126
0.6153674840130534,0.738810480887503,-0.9354387020445953,106.0863888308505
-0.05023810944913695,0.2704568257798388,-0.23894804686640975,27.978277747110774
0.5839281853259639,1.8467073257360336,-0.35929209078705954,193.1101241414004
1.490726136849952,-0.213442870930208,0.14866745720211155,117.79199960443088
0.28257995048829965,-0.1671217137864115,-0.24869112618354708,28.689657915185876
0.5131057981760827,-0.43548637056984335,-0.2595466775839172,8.570740115575799
-0.0771017094141042,-0.8158102849654383,0.3411519748166439,-68.40637236336308
-1.6076610271180587,2.0895387216947734,0.18474057889572446,35.21056217763474
-1.496529255090079,-0.92951086019241,-0.6500239344068982,-244.85395125452877
0.7818228717773104,0.25988279424842353,-1.236950710878082,63.89065854732423
-0.5297602037670388,0.32875110965968446,0.5132674331133561,-34.22453226442927
1.0324652605511468,2.1221561970126332,-1.5193699659540134,237.36453111118703
0.045571839903813784,0.21645858958197486,-0.6516003476058171,-0.3314079882489782
-0.4830610516834395,0.8950383140761154,0.14679301198554937,31.569369970654073
0.7708651938869668,0.23561455810856594,-1.4785862457798415,52.94890688330567
-0.7539645888666763,-0.06259312789952241,-0.28067507686677406,-84.02058139974059
0.8949243769444413,-0.7184072655691974,-0.2949496782920278,13.980716712398735
-2.123895724309807,-0.5993926454440222,-0.525755021680761,-276.8261812970589
1.5307508323436974,0.5999287299962045,1.2187618516973167,237.06277216191802
0.07682189106025536,0.47704082722312147,-1.2829922241885696,1.5132307235244156
-0.42076179368105326,0.8868873900973003,-2.6042138566271342,-48.730527207492855
0.17989415115347845,-1.103589317215771,1.3920022863445993,-27.318225019078717
0.3918040054025465,-0.5462444482524828,-1.4789115687741288,-30.58569621395023
1.159329803364248,-0.3609661658190799,-1.0810633275998973,67.1309307747214
1.1087035805829077,0.5906548306923093,0.820482181197364,178.39814191255937
-0.6172531865469232,0.8389405004696122,-0.5583017539460305,-20.732565337487486
-0.8206823183517105,1.158595579007404,0.9633761292443218,23.54180490673258
-0.6526239793023909,0.8406435489887241,-0.4461834332147797,18.597695414858528
-0.47949296739924335,-0.4430440211284823,0.2965755451407618,-60.28137844237386
1.8540925663341883,-1.024186824329205,1.221033695525353,135.24200237823501
0.9503075919735757,-1.067802921579193,1.7106133725819253,46.07599920820035
-0.21344715171184725,-0.718444221252436,0.3109075655980046,-56.78149535898085
0.7081086766885905,-0.1524698363805439,0.9567023167945841,71.30774445308853
-1.4123037013352915,-0.9080240755212109,1.465648768921554,-190.39993325450268
-0.23040071420576733,-0.7584953347000695,-0.9242331442683044,-105.5658359611218
-1.5178737466808094,-0.07159925185806683,-0.3570292008066094,-172.32468447686043
0.9312801191161986,1.030999522495951,-0.8392175232226385,143.43708375736298
1.185704154662997,0.5366527525272862,0.7189533106650667,175.8420996265354
-0.07576428653545988,1.0391117874202687,0.6704806172412126,98.6489172387085
-0.2234627853258509,0.4824724152431853,0.714000494092092,48.929375270488634
0.10939479460489289,0.1292211819752275,0.725766623898692,42.282747075098804
1.6850142787085094,1.230874513154735,0.5628808601743548,288.97331720033645
0.4735924306351816,-1.0623037137261049,-0.9194242342338032,-61.60211882085109
0.8970661968871322,-2.205566057099069,1.2748750412787222,-59.695939248852376
-0.6629009175509482,-0.7019916878067554,-1.4026052717996935,-161.31409848861358
0.6408428612670098,1.7976865268495226,-0.5711789897827968,215.09182020078114
-0.07444591576616721,0.25755039072276437,-1.9187712152990415,-47.533682339785905
0.7175422557959623,-0.26940683444455776,1.502357052096028,81.22732794321239
-0.8612842013282637,0.0773683076476183,1.5231240772696573,-32.74312360389817
-1.015821818978397,1.1486373494287152,0.06167984984797165,-4.205582782445464
-0.2346205699574138,0.8584511166566653,0.03823799496002834,62.3034038381154
0.054934110999848726,-1.2457173764463845,-0.7095798547491726,-117.79566597817042
-1.0040545968420103,0.34980002456790754,-0.09546424708907303,-82.95402022474778
-1.2608839543350452,0.40498171096095553,0.9178619470547761,-64.28445726346224
-1.6394841625254342,-0.22954865536034708,-0.39247110606087293,-177.71353060386875
-1.0147567306928669,-0.5816809139486437,-0.6492775450660071,-158.6967746559234
-1.5506634310661327,-0.5034756541161992,0.06856297480602733,-199.02497244218677
-0.7567950885694608,0.9960476858058164,-1.4218106667418438,-31.783419344587625
1.8811570694405901,-0.5551995266931984,-1.448013900416244,119.28781607127453
-0.18039168176240783,-0.3574454228104272,1.3728484746765302,-15.178680201067163
-1.5708761520684993,0.4477169258102776,-1.1267674689098053,-139.46765344081797
0.9553052085705107,0.6963874474567153,0.08840688629184736,139.2323854596461
-0.8222203955664315,-0.5637245528039747,0.2436872114919123,-108.08427144997577
-1.0399059271255309,1.1081828167375165,0.6127739050625697,-4.916241098546045
-0.3357846992901282,-1.295078772063616,1.669021525289393,-99.68162998108362
0.6863184569567008,-0.4070363129267805,0.10589445311523424,38.42229720652035
-0.06863404608546861,-1.9122549754197768,-1.3683150388328105,-201.33941986319994
0.4599721429391164,-0.7534178703461835,-0.6777153697521061,-35.40083946318329
-0.5765104007267194,0.7591551603026468,-2.59104229214491,-42.47719463060934
3.193107567844861,-0.18047991359062565,0.29875290836568624,295.2418782704263
-1.326472128311083,0.39069592092814415,1.0473177066214483,-79.80583134081172
-0.5441140021141926,0.6031874310823431,-0.1627929060722942,-6.486188885081981
-0.661786464768388,0.18645431476942764,0.852433334796224,-24.180748631277815
0.538296079049633,0.5078357562896237,1.0725073373098022,115.02790047660423
0.597400069849858,-1.2276078151369925,0.7011727423108983,-28.966290593961645
-0.5827586576115821,0.26536234939962844,-2.438817158276429,-107.5228441173352
1.9764405845154855,0.5844129804724842,-1.5642416117110514,198.7417410633441
0.7505791675217656,-1.5171736966716791,-0.41619440488525394,-57.09464343554997
0.9983108981479604,1.5213160519224513,-0.4316203127180484,212.7344998540606
-1.3985675738191412,1.9094166404701305,0.5629692366905709,31.695089481388862
0.3464884758979927,0.9163276747024814,0.9980101098596522,114.3687416746439
1.1033018820165215,-0.037634702424848364,0.11422764866203965,106.54583477039857
-0.838585798447231,-0.3078084711388841,-0.8866809222834573,-134.40045216751983
1.0143700650181304,1.6654744444625766,-1.8408742313316453,190.51817640314314
-0.643518230380143,2.165002344901084,0.9278401280812372,138.1510632375191
0.020886488295961788,1.6614701657280182,0.23070090571868349,153.50165502961391
0.10435593752321293,1.617212574968624,-0.8987840483231282,118.13359374811616
-0.510016398854747,1.0375399442578992,-0.26987493529337125,24.973472605718488
0.8271832490360238,0.27669079933001905,0.01300189187790702,93.65757326988391
-0.29027454418865134,0.9190764829877686,0.26739231407190295,51.298086346487864
1.179440120721287,1.8314587658543537,-0.4691756521047048,254.08239565245088
-0.5138669173366935,-0.9398797863273552,-1.0592135218889516,-148.4482842828066
0.2873289044030093,-0.28744751940035557,-0.04551224530124217,9.845911457872646
0.6686548047579066,-0.1755639454992155,0.09806753953894455,57.271495732864345
-0.024195606390916165,0.40373009033660945,-0.9037018607301281,7.191338915958255
1.2374381346841392,-0.0635245746153551,-0.45730165508679,98.85704893210868
0.04852162794482699,-0.863990769679816,-0.8309501164110378,-100.99915728514605
-0.47622087354465903,-0.8192578597214978,0.8743891807127275,-89.09411921671183
-1.405567019178642,-0.370508098590029,0.015618333949603047,-154.9166889359363
0.849102110743144,0.6955377575657775,-0.29396694766418224,122.1900128818862
-1.382799730964336,-0.8756182533847572,0.9261775475316414,-185.3673850975646
-0.5327008396619114,0.5136001065697166,-1.169916835710288,-46.69776304032531
-0.9378250399151228,-1.377669367957091,0.5150352672086598,-190.1317449963662
-1.234348871879922,1.6155828235482317,-0.5924642591528942,-12.731506420118883
-1.1119670257741636,2.620793091029975,1.4641772387524374,139.94643754363065
0.4794415180860639,-0.061764199860128925,0.8745170741325226,63.642966394495424
-0.8224199323822006,0.152354872033722,1.1210306673244714,-28.806782196406903
1.477894044741516,0.3571125715117464,-0.5182702182736474,165.75775129497623
0.22388402427913137,0.4810092317367132,-0.7904744554453119,50.15679352055393
-0.6680904536430488,0.3216978061960136,0.9920423495365228,-5.5375984539375676
-1.331232953557778,-0.7859894605079495,-1.8362053731032966,-255.61559015126772
1.673452090298537,-0.2716551103260533,1.340461051790348,179.3651459146623
-0.3164084496948019,-1.092312764672579,1.2130976999791834,-94.95142109041839
-1.503080301759818,0.6504500925361392,1.0519476177229186,-67.36872871849351
0.4209729443893898,0.6988284202025348,0.49201884799279927,104.80763952719768
1.598647170504717,-0.25879606266710237,0.5609194479412387,143.74219544957677
-0.07282891265687277,0.47323762457354485,-0.846793718068405,7.938610084438752
-0.4888494217862741,1.543243528272189,-1.1196174332890112,55.15317078465085
0.655900776529761,-2.9403886346642802,0.19473619471877485,-169.7548074043065
0.02390304328495547,0.14488783309689118,-0.35141423571373254,-0.3228819430233374
0.1904996797790664,0.33198033056901455,0.7094518171390395,63.95848299235349
-1.1165244399486591,-1.7073579575929467,1.2358116200069387,-228.10056023633135
-0.8082657216409264,0.08531814256502405,-0.8304444065565653,-96.20153510755436
-0.7050118557584089,0.4190190093660452,-0.05576907765770601,-31.166593651107764
-0.09858813228426173,1.41093237974627,0.018849622944847662,102.65337766383456
-1.5031429531181062,-0.2595913513636048,-0.24574306408594432,-180.01028923921
0.6748194921666038,-0.04946370965243295,-1.1227220215622986,29.3938758931227
-0.46341769281246226,0.5425600435859647,-0.46572975357025687,-14.712913531258582
-0.9824873935383096,0.9407711879882159,-0.2246331499970246,-11.535259250855745
0.7368438970924334,0.8840453963610497,-0.2813275571182134,133.8862291666235
1.7388996637975789,1.4223698616985077,0.9788580507817954,313.1858294502931
-0.18452535765584954,-0.6243453897132241,-0.6047446645382127,-95.58336857741853
0.7600559636896026,-1.5047203740310022,0.08243975293450329,-53.49024503040102
0.8260471714415063,-0.1314725956716678,-0.43676423723821745,54.017554834255286
0.440474737960399,-1.5929937335316693,-0.019637798926681216,-89.65404444554412
0.47635776935621926,-0.9735461997044687,0.5054701591666269,-23.403675683687013
-1.2565068942792563,1.4436320034688142,0.8132051867479773,10.071516609908096
0.3287624103034804,-0.06413834659299254,0.32135721545027307,37.154705693166896
-0.009300321138614417,0.00020706491819709385,-0.32789471651291785,-6.023349480580952
-1.703871586826719,-0.36650702036805183,-0.9244659881295544,-215.01638664032885
0.19408999289830758,-0.44643361455052827,1.073631749859772,2.4948410090228643
-0.5601810401969696,-0.8289950109220723,0.7472936051232618,-90.48557173811074
-0.4442932600761116,-0.9787637157823074,0.3773004930448522,-132.29699985535794
0.8135096360006385,0.8254163489880298,1.305478807154329,182.2281200153304
0.6347214685617699,0.4891871301476635,1.1096998419562232,130.6781085493138
1.135565640180599,0.570890510693167,0.9540017634932023,183.3467006948347
1.0299608175811612,-0.643549832317462,-0.33477533210654087,51.96715994221714
-1.129706854657618,0.8356921120651418,0.5298041779152828,-33.62673047539188
0.32405702822156063,-0.19050310599781134,-1.1476913898156673,-10.059905711608987
-1.3671378064602457,0.46320629209912306,0.8481742126666681,-76.92130016916695
-1.6127158711896517,0.6862601903745135,-0.47193186578943347,-100.9851592691846
0.12320480678448567,-0.1758858124323366,0.5514853760404675,30.665473670527113
-0.13263374638257355,1.8998819348952156,-0.9745293046706415,138.4055537867223
2.0883747047807275,-2.8962553781936893,-0.13958962815517376,-42.20710784755141
0.05194588580729943,0.7276295436369798,0.7326400772155792,71.20075065305224
-1.19363683175648,1.775310892609512,0.9191541736100015,34.89057772530966
0.09284490114111471,-0.5487249077409615,0.15985639199740037,-23.725427213114784
-2.120700152635066,-2.238231233324972,-0.6068651778571754,-419.6784150819753
0.3996879517526416,-1.2968319479558466,-0.651356893791829,-75.56902271193249
-0.8560838259088672,0.8303358165442456,0.07156623721939247,-3.8323819654895885
-0.6929095952606542,0.35701548596504734,0.8995998754332507,-0.4857003803843263
0.4400144500533324,-2.198805956620082,-0.5020542243526112,-142.7547771826152
-0.6231405264247644,-0.5309969550018176,-0.5554771191602547,-126.76759847852693
0.0005279588565972928,-0.4501892648514116,0.6012067489291149,-18.04822873654423
-1.097302527632844,0.2167755637626291,-0.5888668267386961,-95.38990494826479
0.7942646796218271,-0.5290526773462948,-1.2542894231692494,-8.464242075179495
-0.7472116791478234,-0.021367294348436157,-2.4242402602729416,-136.59598967463347
0.8333339117803071,-0.5482687949250771,-1.10486279306252,-8.070972107686519
1.1727290192593647,-0.025554070991445278,0.5436001545944323,139.60638017866933
-0.0349884904969617,-0.7031764251258874,1.77080063563551,-17.42578097406653
0.3465038817307158,-0.46770120131189136,-0.04692057887918407,-27.992483344846285
-1.803139676255945,-1.5137143926128271,-1.5841359430054898,-334.8794239526079
1.2065089665083568,0.14671368643332283,-0.8169356709872361,110.37875074517844
-0.12982069973342616,-0.1852876588777083,0.0438114719791096,-27.25994075869866
-0.7627247785662142,-1.6075598643689741,-0.7691423497872982,-218.44020543442613
0.8951932200277323,0.3934853854217496,0.6351718016819695,125.96413583819387
-0.20298063739565708,-1.3192471945987674,-0.8000385643976464,-147.32315953171576
1.083051243175277,0.5607845263682344,1.053802052034903,176.88066789660775
1.0729780477660118,-0.20931381957936157,2.3638724946193608,148.83387509997988
-0.4080753730215514,1.2012139221639448,-2.038124535177854,10.104947045318921
-1.183258512665775,-1.7587394864231143,-2.0392321777601006,-305.52871412774493
0.3696421921980939,1.1731246375866413,-0.10730214400422888,142.52151485307965
1.7495839042054206,-1.6065771007386793,1.3814540786904865,67.43886245085775
-0.48791140814570266,0.6779258713392691,2.1573082132655035,58.362324797013684
0.6731813512699584,1.2897527540827456,-0.13845598398377382,164.87606983984193
0.05921843401448826,2.5733598032498604,0.013929291912946203,233.11018550412066
-1.0196643386921156,0.5646059258936003,-0.02355215087423812,-49.794814485949395
1.6964563682900382,-2.081929407883722,0.2110174672026184,-1.2861937900835299
-1.4183657329330317,0.9325908318730899,-1.7608088119807759,-103.79969987081516
-0.5468589412403921,-0.5736620068802363,-0.03275327021599839,-118.81023145312668
0.5161782871149584,0.7250957868479971,-0.6414815952229522,83.01515755026834
0.0760053914124115,0.5583269125217224,0.5387559924463692,69.04565410295753
0.08704706823817122,0.8219025043752238,-0.29900735046586746,55.076344455653896
0.28869362927985703,-0.2500465145989528,0.2603218387712207,16.557831445687984
1.8522781845089378,-0.6017066122293969,-0.013497224737933921,113.91393240658739
1.8381836767951225,0.36728731340134063,-0.22346598237185214,217.59713759160172
0.7153813154412441,1.114321694668872,0.7181857257079345,177.2161354262224
2.0997217891665154,-0.06613261462582246,-0.24702570074599667,194.9032711432663
0.07748051851886253,-0.9519184600222356,0.2577525401427507,-64.89238943196328
0.6860514599984393,-0.9649234605801045,1.0584244868495878,13.542307306193493
0.2806364044901364,0.996858773465808,1.7586204841951334,162.89636982661392
-1.7397137787780996,1.1487657003721035,-0.36244094140313216,-72.2110596741712
0.03408346825922607,-1.2239402667622565,-0.7699732310586418,-124.98583830346584
1.1428228145150205,-1.168678037619532,0.7519330326867741,36.778514199121474
1.6744924333475373,0.4577728661518858,-0.005596018829046555,196.77808966128543
-0.8682927318763665,0.38961417737090387,0.5346290861224353,-22.88137135419493
0.6663125009092119,-1.148794035158656,0.4625912928539512,-5.575558692653763
0.38193545223155334,2.076747983560841,0.43004164719106963,222.14708305237048
0.645215585950057,0.5211224283793383,0.5556044660034485,114.90528747810637
-0.06607979864731657,-1.6615200622689599,-1.2110161997624567,-177.23715683271405
0.07863519031609059,-0.08071658010858232,-1.9982006845321076,-50.54229841706116
1.2038844371688162,0.6157711497711416,-0.13944627568099954,159.27405204668693
-0.48712538376469605,-0.6506425691218269,-0.5923939242388692,-124.62914962961005
0.49968511030293383,0.23940450053537707,0.4720022709192744,69.04868323755647
-0.22096417382966393,0.8773622905756714,0.02688583899453078,73.58203549538541
-0.20932367715186612,1.4711703274936085,-0.6690727386599166,70.3251164502633
1.2269332238843076,0.7660802783846903,-0.10015407647995278,192.80864095759136
-0.9683444548636353,0.5500520990245519,0.1053755061459599,-46.23273799096658
-0.8627757640431206,-0.47883745600840416,0.6934789119139937,-96.85640398537967
0.39379729821625153,0.3687331473175197,-1.92767257934561,31.015976542114963
-1.1583646891925428,-0.0036025390905684044,1.5033983017671506,-63.384127906111424
0.8711247034316923,2.075400798645439,-0.32602353216784113,258.96002975272796
-0.5756378262377739,0.7003098794089914,0.12200981464536144,-4.090560124360719
0.9551423205012383,-0.06267909727317188,-0.9857260463355437,69.57306157609615
-0.4606387709597875,-0.7198442083947086,1.0571222262189157,-80.07907299924145
0.6543656563540577,1.496044311489183,-0.05558467091045507,177.56014811132914
-1.0589075870566005,-0.5057467042619367,1.4816634024625988,-112.63679768446214
0.1664522082130561,0.3824097461840506,0.4924512640081491,63.23587069238329
-0.5426737997340217,-1.801057734152739,-0.7877837519082389,-229.6248539420551
-0.8043157596599924,0.6295295842218108,0.8953554307625996,-15.672638234701244
2.601683114180395,0.24075317948856828,0.5655096456315442,293.4806899396557
-0.8432465953161917,-0.24606248812994858,2.1709427174978138,-62.27174420220764
-1.4063174636718339,-0.692420979873856,-0.08310557262869477,-196.22883181635976
-0.7924199209999613,-0.14451867071551783,-0.3079615296390403,-94.36247128346707
-0.8182206832334725,0.5951570254369136,2.0923872756854602,33.46099114754058
0.0754336389015928,0.7421274910718922,-1.6019658118971685,8.233907652954962
-0.09605989972464987,2.5600845382687947,1.1492733262856758,236.28338075543036
-0.6115178029919482,-0.7553829323533225,-1.4066610968482223,-139.00859149131657
0.6222071440434019,0.30047435961082836,-1.1388331177807691,70.29493231416119
1.2657078408647007,-1.0276751409259581,-0.8661748482145009,25.717059600103436
-0.44004448669698376,-1.4301413779606327,0.13074057728609134,-159.11173129803902
-1.5702247198904564,0.6218099622171964,-0.7271371758248686,-132.3904487932722
1.0352493347237526,0.8901984111247868,-1.8461878622380938,131.61775257149003
0.1979107834626478,1.7359638031652493,-0.6514180036144483,148.13152371974263
-1.9596701238797756,0.2088635950047554,-1.3281860488984305,-205.83971273070009
-2.4716445001272893,1.4415686206579004,-0.7968952554704768,-160.05035622787338
-0.3791277409874871,1.628396623128538,-0.20358036010236177,99.73371747632967
-2.9911359709007233,0.08520944963390106,-0.18689615816198485,-277.4947801483987
-1.913280244657798,0.24196227156603412,-1.7249178325130328,-211.869627535577
0.9751197334177512,-0.6771617115121117,-0.14705738150213865,26.363209095368237
-1.7858664919341112,0.5731278132412001,-0.3596296724524624,-148.20428513623762
-2.0841129394985884,3.9262377064363267,1.7246966497611085,166.46123505666841
0.7426824183597224,0.07595526791608741,0.4822489526806572,89.58274201509913
-0.955122579349353,-0.4036484632419967,0.42359906559346105,-122.23240291657099
1.1173988159024608,0.501782736167545,1.4484992298929262,183.6750515641767
1.1792971840638264,0.11567463429285867,0.06751848141010895,130.6253363340089
-0.2797601684958344,-0.2789629303318085,0.7903718960517113,-17.860591922582763
1.2816437950037687,-0.31771509675623405,0.5576910607251245,125.0057894728835
1.5655240292343404,0.37721187506452086,-0.0657502610729878,186.4225629620951
-1.3516846056163336,-0.9232332461109043,-0.9758732529773327,-241.60750232886681
0.23421473253652075,-0.03468488738678118,1.5505004928140769,75.81026533094253
-0.36283856043965906,2.2988981236192503,-0.4455025214007718,121.26402089568539
1.0964692338108837,1.2235688824186275,-0.6256772874962124,203.24722405362002
-0.6475418056351592,-0.3583401520212222,0.7441919714999368,-75.9877263118985
0.055724912288694604,-0.12578692009964815,1.0941915184709485,26.549474271479944
0.5868570938002703,-1.4018510627922809,2.1904556258099785,4.816753810317143
2.9490944253087252,-0.8254105299789551,1.2446795807367868,251.4944932505408
-0.060660813814620775,1.9011906857530074,-0.7084067669104628,150.3294000448791
-0.22939074406802776,1.1695899924277735,-0.04347694981386243,57.4402838715201
-1.356581804623405,0.2935579321666293,0.46642998243352635,-119.38277013106142
-0.9555404406004258,-0.12791759148076653,-1.6064463202575725,-139.44035817173236
-0.007972641316617372,0.8816397569494505,1.4799441388900259,97.96837213841148
-0.26888869055483056,1.1265650295477574,-1.1065259087416703,53.94057171198003
-0.48760622407249354,-0.4118769661224674,-0.4325581878196209,-83.18368264446529
0.3384964074944141,1.143754043206929,-0.4152879139008013,114.09017723722225
-0.7484865365565536,0.33231401197959165,1.551151975522523,-23.470166206992097
-0.9043166251044086,0.25972250172148187,0.6385924587773739,-45.864757488785884
0.028181157369128247,-0.8984679817910373,-0.009118996644203544,-85.52037297925186
-0.3519213178165091,-0.48720292119492714,-0.7699960661974573,-103.33922714742144
-1.5231869047837747,1.1950466289248425,-0.5589218472715883,-75.65523972480247
0.8250982646676347,0.15519068385897913,-0.8671302157109003,68.00183759560166
1.8732977762175456,-0.668144085538994,1.0800480657146485,144.01136392782163
-1.5648027713620551,0.3496500472996937,0.0953441994413082,-124.23695960465518
-2.703232292999237,1.0010460925671412,0.6778753195309076,-174.2190754711987
-3.2412673400690726,-0.05952535606180008,-1.0243876413342898,-338.6282166122542
0.4183982208886837,0.5225141052657575,1.4015985929464294,135.37017985688203
1.3043402428781525,-1.7485319732381808,-1.6624919880356743,-65.04415520807302
0.04886007032570433,0.5432980290363879,0.04059169120388238,45.938791565037135
-0.6757080791616118,-0.4872285641135523,0.0341524174880246,-110.00287958483221
-1.0896330373423884,-0.6520888885930607,-0.7847619081277034,-174.98282869968298
-0.7557451594928447,-0.17495975669540864,0.5365098435704035,-77.6597337104995
0.8297324178791745,-1.2995812369275976,0.8113965544915921,11.976082390428282
-0.30920907704986345,-1.4575514994649306,-0.7521564055905832,-184.91059919770177
-1.1105758454658288,-0.7778166875908753,1.7522704434236227,-137.7868833225499
0.7129984301723881,-1.2221278088919454,-0.24032539815813503,-44.25506671372277
0.19358991136754436,0.26256132900192497,0.8508979621679722,63.54416854516438
-0.8275902206487197,-0.3670278390833223,0.08614388304637476,-117.49617497578684
0.632407739055521,-0.5624667758942676,0.9725544496267299,38.60885355405102
0.07331796718840389,0.8231705839619146,-1.2899608997410539,46.97440895010803
-0.38770155993598415,-0.6127886904843862,0.28586539072490497,-79.89005535614065
-0.5574230531083212,0.5950294658355647,-0.41299782214343406,-16.235518100743736
-0.9730689408815555,0.11958036841415326,1.1965715016644913,-70.28964512843525
-0.535963445114048,1.0859821161750323,0.8080577982811451,59.02912551575211
-1.44964521969853,-0.08343796979036086,-0.9218598131253132,-181.3990090019372
-0.27681329988892067,-0.221253623585772,0.30740669780910074,-31.88930619809727
0.1200313267182613,0.03800347816820029,0.6135179727304166,25.657084756172896
0.6791427754381955,-0.2634482160822491,-0.3020454994898642,45.25575850027688
0.5931012579683838,0.6159356069442637,-0.3095464393139903,103.98097100092511
-0.05240445057746945,-1.405189846803575,1.7041055162554912,-83.15848533969674
1.2289805024890619,0.5348173363459102,-0.6373077470287948,149.08681687203435
0.8823330623234091,0.6045153263553668,-0.45209033283308037,107.81552288860303
-0.5482872964906009,-0.15589817793666752,0.1600182258527877,-71.74237370022392
0.606850593215671,0.4200944904518413,2.0565435648295414,150.46114893548972
1.5646436558140062,-0.03582603910995154,-2.6197451040897444,77.37716264459044
-0.9637589262106109,0.26028050658288615,-0.9571509148950429,-95.45005190987949
0.014273067836434106,0.7307641190665245,-0.9539394193966448,43.25918231769646
0.48473281729447476,0.8527736751222195,-0.8463566549908735,98.906311171052
1.7388513518533313,-0.6355578414044034,-0.3212427661179117,98.77564750046247
1.0062928092144405,-0.38455554422982535,-0.5768918695231487,58.610583399743874
0.6241198170521551,0.7916626939629359,0.6283455092642799,131.0006047799686
-0.13744851462769186,1.3736585451629577,0.9528745472029388,116.1991832305427
2.4553001399108942,0.2891686439078181,-0.637739984251316,235.63532608964573
1.066674689589154,0.5072740311072977,1.1692955904456728,179.55780585648031
0.2942241290134937,0.26348721533105957,-0.234407800316322,44.58794778129001
-0.5503051538454201,0.2606737658239071,-0.6716233679380516,-40.11976248327848
-1.7785875840065168,1.192507512477975,0.31965182591897723,-60.92561057438459
-1.3810446031537749,-0.7859860326349823,0.30381859560487573,-193.63913017253248
0.18970616761039566,-1.3631740045928105,-0.6619821777966091,-91.86679489950069
-0.6769220003059587,-0.38508228041631654,0.6116762888408679,-87.41069383205148
-0.14408755572161547,-0.9393353938187543,-1.2096947428411076,-110.07991849317322
0.17682087213939798,-0.7217375533372533,-0.5466800845872654,-57.924898128644585
0.30154734233361247,-0.19236096478112252,-0.03471176970524331,14.614251728277079
-0.1730718242838696,0.12557645347154225,0.015579047581467534,8.567009497080079
-0.7537361643574896,-0.2453881160028705,-0.8895144296255233,-121.97619408954348
0.003375506597160999,-2.6357477390168778,0.32782117284308526,-216.80665124112707
0.5150476863060479,0.5137859509122088,3.852731490654721,202.9498984590774
-0.6248185776956788,-1.2795769667357015,0.026091050210833786,-164.77026389440155
-0.20447122098612153,0.38632331781156,1.75547569831549,51.55993048496331
-0.3540407109410238,0.591814133741378,-0.573601772896901,-3.904554796416997
0.3227185603380895,-0.2886586389201383,-0.827230943552323,-15.620336255965483
-0.03955515385665504,1.0531528533329035,0.6815006973726244,111.6389214829316
0.2011596558728393,-0.4646172972983931,0.28328787154614216,-0.9592256841218507
-1.1306153349375263,-0.7582820688875902,0.6227112239002686,-144.20087331106123
-0.12270893359572414,-0.9600462952794637,0.09337237427665124,-87.3456660630538
0.17086543812794186,0.743264094022715,-0.18398333635267913,70.15532910578032
0.3464482094969757,0.25049285034587654,-0.6800247215784908,15.073139670009866
1.1337700968670645,-0.194908280352681,0.5935567222808619,114.28377350614733
0.594754341665286,0.5639091200523596,0.8534155587803077,120.0177566813767
1.613711269058647,0.42192075423528475,0.45353430151397983,210.14929116560694
-0.6134026635409398,-0.33708597111803934,-0.30246968648812833,-78.31772530926463
-1.1430049127304835,0.6387302220291846,1.633431532301096,2.2169778404547245
0.9218015019772522,-0.3135296861723979,0.4826878872092127,90.73127493956741
-0.8892408282283243,-0.4555395260238707,0.9553005582377528,-107.00151731066708
1.2669111491866227,-0.48423407286625136,-0.7076694656187807,79.1350414474087
-0.9993022322949108,-0.022868062298882122,-0.5047749212282174,-119.38714470732526
-0.9020515543575104,0.3764095260975166,-0.8696630812746944,-82.69670737429385
0.25602973431387566,0.472597482413043,0.9826909839455139,80.69075916463905
2.5269324258736217,1.188393273448084,-0.5308687729203206,326.10317650839295
0.169360824036078,-0.9206735930793662,-1.4137144969049802,-90.7048880127696
0.9638791167949097,-0.14700200162848862,2.2105230015913513,131.85647227220846
0.15039378647620763,-0.759132661553698,0.34175597577715944,-42.07425857510395
-1.3993061748019415,0.49986412374037137,0.3676492929914216,-75.64720570788013
0.046980593764742055,0.005243699718183166,-0.45006547147924364,-5.668426154052581
0.2553837556743171,-0.9254246260595873,-0.8953463223630241,-78.77295558608473
-2.6968866429415717,-0.2727235697476705,-0.05429486651781221,-280.0485461837637
0.33126343140356396,-0.3092123758512146,0.9755451271223592,26.230884837528187
2.7596600389110777,1.0602099074988798,0.39241596717876703,366.38738889767416
0.8604734883597454,0.8157372125392968,-0.5830774385689385,136.96867433002961
0.6078965097165392,0.27902152577033923,0.1866091231563581,98.89954919984096
-1.280429352496283,0.6060099513456396,1.7547941819843647,-25.420620963488187
-1.3796181647889305,-0.971656734541286,-0.6267172245899651,-209.3153450050651
-1.0138959522925377,0.9242701395378298,0.08568716140335904,-7.775297333072123
-0.46649537922819795,0.9965705105794472,0.6404797952008238,40.839953124899225
0.4367385517335095,0.19894814679649453,0.40429475496169764,54.84683847294846
1.3902075490173134,0.8177662992002871,0.5578103063518622,230.2582574915663
-1.252393444413119,-0.01208894784605456,0.3636318826249679,-125.14709880248444
-1.6151318159055095,-0.03564148229748357,1.1647393544571714,-120.49158974582531
